{
    "loss": 1.0670267343521118,
    "accuracy": 0.6906474828720093
}