{
    "loss": 3.889907121658325,
    "accuracy": 0.8345323801040649
}