{
    "loss": 38.570701599121094,
    "accuracy": 0.5179855823516846
}