{
    "loss": 0.879268229007721,
    "accuracy": 0.8643617033958435
}