{
    "loss": 0.3527199327945709,
    "accuracy": 0.8891509175300598
}