{
    "loss": 15.019049644470215,
    "accuracy": 0.5179855823516846
}